y_real,y_pred
339000,404579.01713409455
235000,396477.17213235685
179000,258209.62697590637
275600,242411.4266241245
210000,223100.4297215699
399000,175304.7437553936
157500,200414.4673976935
169500,221172.26082900085
118000,142477.83796305262
485000,329439.04621411226
580000,475076.80403240694
292000,285656.4497768043
252000,259012.50091217176
174700,280970.002081475
497960,704681.0019006374
369000,369425.94359579147
130000,255098.19181436667
362250,231719.81760677512
518805,365084.66483765544
159000,149510.40307901058
549000,256360.95658025373
269000,194695.15374208076
181000,286872.68330752937
865000,368629.09272477584
275000,182669.3299100387
1149500,525856.0484054857
124500,117297.54560375969
787500,462590.1880167774
74000,86157.59152313838
1249000,1035074.9311087682
350000,293010.92087377835
91800,232972.8874254461
344000,397161.7830153063
282500,447095.3019980783
640000,532056.0463678023
153700,114160.75964233457
149000,178260.9457207159
260000,206365.66589489803
55000,82433.0163750049
262000,223213.42180317873
104000,159599.7626219071
399000,257119.1949143369
170000,231313.63887752694
193200,195845.57535299959
932000,815417.9441843021
115000,216165.01352387844
499000,456475.492864577
307900,340002.05923860543
70000,94954.14134258055
210000,327551.90033316443
547000,393338.4814088389
589000,544254.9229523947
130000,111552.43091715753
172000,246994.41492063215
225000,197069.38485982906
120000,252605.0205627933
469000,444161.60636486416
250000,313877.77173015184
221900,335135.2791968732
85000,129623.57808674051
99500,198618.92000846763
107000,192808.83889359699
830000,590762.8606989043
244000,252090.22313484203
639000,463729.51666653255
262000,229398.1180469242
577500,728635.2422143993
136000,288600.20726949594
200000,111728.90112163186
377000,582778.5241989321
174900,151237.94170188482
110000,201726.97829054086
249000,176367.75844728953
156000,152209.80253745103
278000,179056.12396986515
159000,218745.52623627038
199000,209019.01747857954
1200000,1095322.8490368885
1299000,1286369.5726990548
270000,212989.11866258972
1675000,992250.0198161501
39990,87920.49299472904
142000,294964.1766243329
435000,517696.39337533514
530000,385912.0041112429
425580,411618.71180113876
588000,463033.1146318956
222400,220218.987108471
439320,338661.7977375069
199500,256310.95931265652
420000,422611.1428625182
334000,303392.6081180213
347500,328168.68616654776
293000,263428.7268688193
329000,392080.11796891916
199000,368542.66386247857
755000,778693.9937997605
279500,191610.8210513536
209998,177174.97293895378
574750,348996.0287994715
261324,451543.77147288196
462000,402300.02957060107
280000,174415.00158189872
575000,415034.2247696964
190000,292351.40057144954
257000,200138.20132028687
540800,336179.87313917524
393000,224742.1220419801
618000,439176.4657107701
104800,172757.2467198336
133000,156782.04606518574
1443140,866021.2875045349
325000,224773.56455992284
478400,355057.23637970636
1450000,1149335.0444483955
297825,130224.0826819001
220000,194687.4874303064
126000,147086.29978486302
138675,185625.80125744894
135000,139112.42260390628
95000,111700.91935456531
269000,350925.6121619649
178450,560214.5835168711
231000,178612.29197765823
950000,736235.982585694
675000,877211.304060853
163525,205450.08276049112
179500,219583.12591436392
305000,321030.94134158076
112000,128808.49234526602
257000,219924.3935800536
69990,119283.05928789655
75000,118440.41607111674
689000,491042.6704260987
365000,443053.81940794544
220000,209701.67293727738
98000,54648.178690219356
190000,185011.8766079188
719000,603977.2014234219
220000,238180.43534272883
235000,193426.64395664312
355600,334224.24120694277
259700,353411.60493261943
795000,840968.8198720259
980000,378453.23395816056
135000,178212.081124212
176000,166455.9980992424
830000,544266.5620735856
399000,261660.8803022747
549990,302905.24310101115
850000,756189.6461225802
210000,214267.16987732297
86019,90621.26992666506
488800,318568.68198939104
676176,284653.7315662154
338000,248360.08294903772
125000,93021.39357133089
317000,322862.14400993986
362000,286265.56509878277
230000,177231.0512022053
225000,180614.4229197907
330685,284966.57152837614
199000,425904.68605808733
519000,409748.63972934434
245000,234887.47408745188
175500,193560.02649870384
120900,126895.98338866358
213630,270731.2794965092
676000,573638.8639631612
375700,225782.27926048782
99000,102671.90377416454
195000,196371.76200097043
720000,717968.1433639431
230000,205720.05232793913
330000,293481.2614166198
493500,389971.2989861292
86000,126321.13595400205
169000,145563.4237574908
287990,343785.76694687735
125000,297394.9936261077
272000,291414.5003469355
451000,367807.0472657858
312000,267744.8458416927
193000,152803.29723739356
337000,451806.9371816186
124500,159284.7991078137
325500,260897.47901438538
860000,672127.953187867
240000,324981.31793845614
370000,273522.39301636186
281000,256530.55378898402
647900,705390.9857377649
367000,358387.66570121417
126000,216604.4450568219
387000,367866.4020192568
218000,163688.09741439068
525000,568314.8024649831
735000,386359.5134027733
220000,230177.99888289667
329900,190910.3965331662
390000,216913.86215373382
54500,53829.73619768549
440000,468168.9041642957
735000,903998.3886327688
940000,759670.6777818747
285000,275536.0265176698
499000,777349.785203925
174500,298172.8665104619
299000,294969.06795534387
95000,140277.0039111868
222000,288691.0367500842
214000,265694.45377869415
281000,327219.7009497321
567010,492000.7356056841
265000,172692.58475462336
449000,293273.09060694335
1050000,1122714.922195893
249435,282135.5239038985
499000,473470.6200779988
349000,386797.92310474446
176550,203855.64448350214
192000,241051.33317224588
62000,74964.54923709165
1345500,839777.10887802
177000,93387.64562100338
1150000,958122.2034188292
362250,213726.20915479882
397905,372147.7253975892
259000,248197.58271208312
61000,121085.54524082073
299000,436241.8388494544
219500,348940.1495935541
279000,371989.7346870007
167400,232224.3385801401
335000,416979.5229927391
364000,202555.99899447232
293000,267908.81230133254
410571,743290.9350805142
699000,414599.18979863735
126000,138053.25015094664
1150000,879116.1118135771
375000,179938.61065746882
155990,185766.43003012615
224500,197784.9598336997
425000,205243.5343481711
145000,172774.04205457136
429940,221697.17431741694
145000,348986.52069721004
637450,596126.9393203446
110000,122326.81729914872
346500,467684.1332033029
348000,249461.72523360618
780000,446479.408354991
370000,459570.50737964746
454090,279747.6779629527
325000,523505.7635263848
160500,151923.30505334825
149000,117998.16152356807
44000,76441.78425903
245000,405777.9352411902
655000,437256.8120585503
233200,159621.32743950374
139800,272310.4053078708
225000,128021.26912128634
118250,93904.6185105614
166000,187945.53546631226
195000,381080.8223460024
169900,227193.71380722948
305000,341597.23964261694
145600,172075.47208332134
49500,72146.65578402116
185000,226504.6684834201
336000,202123.89621480208
351200,233134.7763972348
262000,191298.42880896636
384000,336759.16262346186
598000,623132.9879095458
295500,454607.1898405221
322400,380781.91434979095
278000,474577.7487016374
174900,294547.35485656036
133750,120309.76219545583
249000,392658.12033769407
126000,131496.15684796553
400000,484380.9014123868
304000,365198.1329154888
999000,980056.0051856744
155500,130511.13773560482
445000,259092.53577986584
365000,355443.89872517035
249000,256661.02352331456
171000,184391.231006743
670000,330401.05036915024
175000,291502.21512344596
562000,431243.7575278759
78000,175270.28854072682
220000,283133.7537555152
529000,770016.0790057174
166000,213871.34316576662
133000,124078.7890565277
150000,208507.61485556044
128000,219986.32542285655
280000,285174.3691971198
495000,228009.6269034736
184000,166197.85084308172
78000,183407.2923004272
1495000,612133.5261153284
470000,687850.0633593953
621000,439204.1777395054
138000,135513.9222603339
814000,833757.0347390994
577000,245285.74948207254
165000,451610.6991873613
698000,473808.2558195241
499990,499470.39684614196
310000,382217.37818115833
258500,370552.0714437982
163000,281111.50728242914
122500,147973.0688608887
227000,204170.51774561586
246400,220931.60496194015
567000,451198.2756623304
750000,571897.8934554703
67990,208558.8459609958
440000,354241.23504665814
220000,197055.91093420977
88000,109475.13652223385
283000,338378.4657928174
309000,368922.0697697829
199900,280911.9388508722
99000,132796.39132032497
570000,704463.7168460219
170000,120721.45346274502
331000,284653.1708028122
189000,122274.14961393298
68000,93696.75003045399
127200,176426.65643658972
589000,535288.2257478202
898560,487370.20859171945
207000,192915.71371899842
170000,192889.03226335597
498200,377957.76872444834
1199999,420167.89361678594
103075,158834.47249653045
264690,581145.3170174091
179200,282273.0703043404
199000,303194.97417589044
79000,114530.47584138572
180000,165960.16771242695
194000,135700.14518147704
299000,260355.2706154412
135000,185392.49588577563
232000,218501.1035476911
168000,240899.2711497601
750000,711368.1369718398
249000,412447.45460996486
296500,205306.65254275827
149800,186624.0061202849
58500,97245.45072772818
861000,397093.62806073733
172000,96431.71039191475
183000,199043.43588105048
295000,340039.016469322
208000,239814.6306589083
286000,308257.2435571761
420000,438688.8607435294
116000,205893.39779373666
86000,81439.65154401853
208000,333319.12324897136
495000,465253.4356265941
320000,205379.0552999937
433575,326514.015402262
502000,330524.1004462613
525000,316736.0530954293
129500,212246.65395136594
839000,1022020.7410869208
1440000,1065418.7365058176
732000,541017.1328021286
605000,809577.0043392861
1370000,838689.9781378636
199000,211252.60028225434
106000,147574.4330196341
420000,291712.82199237443
490000,748550.7356157593
265000,227038.21414178555
208000,332514.88731209264
306800,200433.09041397867
525000,563687.7137713212
469000,298551.1359579939
265000,202714.5479352484
468000,509412.62731350213
149000,157152.7965977497
184000,145343.06093291505
241000,312875.8127077649
415000,302836.0367846326
320000,399072.2991788051
535000,348075.8208704129
239000,609063.8413507572
980000,429504.242085152
499990,574082.0765037456
185500,181168.77919193546
1445000,1035273.6045133624
349000,339377.0271211652
211000,125257.80880723083
112000,218311.47490252845
415000,408459.8889057104
191000,260706.76124586578
398000,347307.15952755057
149100,162657.65961873802
209048,174140.2309614583
468000,386185.0666941341
239000,228174.5705519009
755000,384201.0912548889
190000,205893.4124933739
344510,340462.3054873004
264400,173082.39375782554
649000,354147.02550422127
299250,261917.4218623265
383250,348838.99276632705
175000,171803.57058403455
212000,198898.548479422
375000,202331.25744687955
430000,398068.8444599802
325000,534095.776901787
215000,229484.12160111274
66000,82633.95458386179
299000,231815.79481661884
298000,204162.14635982376
760000,749126.9147461696
80000,95517.06616180763
40685,156259.6365902348
328016,352870.68261455535
292000,202017.3553768337
143900,387388.16987500974
173000,189327.84955732274
120000,142937.00530193982
1600000,1312028.4256255322
615000,528773.3215084906
334850,214895.0922284406
425000,393435.9340073787
362000,144947.96814952165
199900,422554.0319988543
395000,449278.18484529277
190000,180787.86991483704
327360,532329.4602632789
173750,142362.68430084368
499000,445770.03760830837
990000,606357.9995427853
245000,166722.51553458825
374000,194021.5059694809
1075000,748921.8975226787
306830,247862.4319427658
220000,170770.1209532633
699000,698768.8950157976
74990,136528.39852542762
349000,302515.6266834676
229000,196999.83014062286
119000,197722.29539102706
689000,551006.3554122397
372201,221293.96912417724
238000,120560.55190573655
459000,426486.5667014997
689900,884409.0252495989
520000,365939.983182602
199000,344929.9095443522
168000,188778.3051103508
346000,275490.5428779867
427000,336620.3538983122
375000,381567.15950068994
630000,497754.6055822676
350000,250836.88046640105
112000,305306.84095652326
195500,188133.24224477037
266000,199281.42524221362
334400,354524.85168207035
820000,642754.1922349496
110000,209148.61498465211
241500,418019.56121678045
153000,306896.0406684479
415000,229117.17595282002
879750,942314.0407879985
373000,358115.0097364362
149800,255089.84604744415
58000,206161.84216308585
199500,156171.04463921138
249000,140167.8340676093
182000,494596.916578491
110000,95823.39206452585
210000,233084.85299572186
167000,219095.94627924924
139900,217591.20117954238
447000,674730.1665797017
795600,469357.927393648
396000,290763.3267100842
349000,1006415.461387235
311000,246334.59245748815
189000,213597.29909273286
708300,446457.5588651659
233550,338726.55789250846
388500,352738.76794412924
315000,183059.08838300387
258599,249470.52655791576
145000,724143.7204653826
262500,370899.48801193276
220000,421500.9571762238
685000,391909.7037141796
131250,118943.5574008238
1390000,935649.2777205968
1285000,1145801.2204884547
159000,176250.20060956612
451500,276187.1804415447
490210,278822.95699400286
236250,218633.6040527726
320000,282834.9646073183
63600,115851.98545916642
114000,77054.60354500785
131900,202828.2208343546
450000,532934.309675891
483000,381980.0566735318
133000,233879.5843047374
275000,266409.81616978865
250000,191323.1137966962
331700,287221.3890162843
339200,285041.11558863765
240000,457195.51196707686
169000,181645.04367477575
56000,99986.01293807305
220000,224534.48774649246
239000,476782.924070082
279000,233132.400117567
205000,318812.80257862
219000,267469.3171028375
327000,222964.78972724715
244400,171790.64044526644
255000,414209.2483856724
250000,162914.32290614763
1450000,637127.182349841
296500,411064.0780003121
775000,953434.7674137176
475000,291384.3197941886
249000,227059.62538073372
60000,41229.186688393485
232000,163018.64270323067
329000,441114.5223201534
726000,591096.4120226747
695000,651265.6998868537
67001,103931.54122042844
249000,279884.459472405
159950,200750.7258454461
252000,250009.2341917278
413000,472441.31815676345
522000,254088.36119496988
630000,455432.7416680756
900000,977824.9416444545
216700,304890.31310005597
228000,242443.0101017047
120000,181344.50953499041
399000,229676.31287390363
277000,244814.44418591523
464000,419731.4477685043
259000,354346.47735290095
213000,155568.88083925363
330750,269529.6507476829
260000,405162.1902834468
416000,596239.9979177765
143775,117787.2463530073
154000,111254.44476390288
265000,413086.2409178113
169000,338338.2423115649
399000,347098.7750555634
299000,177070.84723907983
575000,384251.5815654199
50000,93286.51365671425
345000,332027.47069472494
122000,77672.39267579373
137500,229496.6898577049
66000,81340.75271832594
99919,58857.62031880559
414900,597032.4931910665
450000,621516.5758063147
641000,532019.5440566619
524000,256865.8840580091
240000,539845.3495279215
236000,328247.0880541471
175900,159553.43187313847
343000,566847.7357330145
466400,548540.4800061947
1295000,1328740.5396944992
299000,320767.1842475495
648000,663033.0711466608
525000,541234.0251429293
810000,799390.116956024
495700,168645.43696260027
134800,133427.82126659865
810000,623320.258659286
387760,408289.7541638879
262500,221501.84205427952
279800,341911.1527508498
128000,154312.3623677876
269000,314030.78629106376
330000,367948.27167806576
223650,182880.3605766258
530000,636333.1956174059
272000,255529.80745578927
362000,484315.0287793911
182800,253854.74516493702
936000,637176.4784066707
225000,242149.3631824321
465000,439262.77216938295
170000,282623.94605375826
233000,228545.2712926102
178800,127640.95356409132
95990,90005.88200250625
480000,466765.1829590795
101000,214747.58448774248
377360,379705.46523314825
200000,91973.88830039285
359000,491264.8219397386
740000,900302.697436013
335000,265452.4342969067
288900,126606.03670935906
224000,224706.6284479273
496500,282034.9070729499
324600,216877.63786674605
399000,409109.58804768947
550670,675674.7800591108
178500,222008.34757652011
157000,126052.40305430835
134500,235969.11880119093
145000,258207.8637092335
291000,253722.43528823578
265000,281741.5727011258
338900,484892.78489892243
265000,325990.5933055811
342000,224806.5116752761
132000,238844.10703323944
279000,370855.41918921535
495000,384836.3945369442
283500,259874.12483693424
272000,205838.6190685274
435500,279731.4756814525
480500,509863.2839936552
55000,92805.58237290925
469000,533041.1825404473
123625,124468.6680376349
154300,191280.08382844907
510000,624100.3183333487
199000,175381.85571255974
240000,365996.2029880621
654000,529433.316231943
325000,643252.2656845832
127800,284992.7640104494
693200,552155.082670624
422300,771646.7685982032
359000,362797.4295548258
573000,347232.3984506642
138000,121403.11358796855
229000,248919.64400897335
695000,980429.7658443551
1690000,1427902.283880285
275600,170003.56640952957
463500,416123.71162912133
220500,300368.74805452896
118800,133991.3775010965
175000,119078.4470695216
243800,178776.32348811705
225000,163628.67335592117
129900,158948.29973211125
120000,227739.7988012862
451000,433204.413026978
99500,126969.84766991534
585000,286497.0808802545
629000,357973.28683664114
165850,63571.43339244762
578000,334567.5462550432
1080000,695768.7966002214
1680000,1296298.3289792223
136500,132933.33748012548
329000,537011.2490170314
570000,751938.3075577817
105000,139864.58956341876
146300,203252.66738901392
163800,108157.21961753322
178000,165974.94762791178
246000,214382.87245220217
228900,119758.56916358514
170000,237998.2907458521
465000,614618.1100151626
85000,136731.60781558498
118000,161845.5331507682
165000,302793.72543874313
89000,140403.04589034212
598500,248758.9295507498
270000,194323.57163088367
641000,374334.4996058747
828000,764155.0381550273
563000,276765.1528272333
274300,216746.43118080279
127000,216501.153539863
73440,141020.77998522902
248500,289419.15487683134
1150000,931502.6545235813
249000,218430.39777231961
449000,408604.434178357
202000,128270.67604884198
50000,72866.53004568798
380000,131480.6151491995
162000,132648.15730008885
290000,444949.45071320236
950000,415677.39260231494
720000,901442.7108062517
230000,256991.8974407456
279900,456171.0690718964
645000,544011.4983875294
700000,478555.40942463087
168000,302597.28820953716
395200,306863.10529454803
199500,290789.36074730445
109500,108164.36921580028
220000,361933.4485154779
269984,379227.7372705051
485000,648268.8274768699
410000,430042.39134096546
230000,248048.43263138924
178500,273477.93414079514
1280000,1034019.8220946024
257000,295052.13983335544
339500,380268.45132054115
377750,289654.1462400396
215000,183108.43590935174
120000,152465.39366156675
1250000,1271870.646427951
472500,413592.5199172926
184000,234046.9203407752
760000,568378.1849058145
857276,406472.35278103576
190400,235866.78786180966
695000,656690.2834010117
207000,271259.20943286846
763000,854017.1194903527
209000,236585.666616141
159000,111024.5922579809
186300,202086.77505319982
549000,520319.0694356525
900000,668262.0663983958
730000,759924.8387844322
265000,310499.63657744793
500000,761492.3220121538
160000,177053.6765074962
204750,128750.03239696437
94000,111649.3276080927
598000,563730.5540845637
269000,621130.9741666191
365000,334435.354526686
420000,304866.37480920186
79570,119806.33341433115
369000,346820.7973446906
210000,299322.43478688336
164500,202543.95693987302
226000,228592.02321580984
169120,397818.54290776857
760000,515637.3705474176
649000,684653.6958927604
298000,334461.8266827497
250000,176126.87171065772
377000,321336.37203798845
160000,175457.58046027648
118000,119352.78788583222
250000,147384.87124652567
676000,535251.0192750124
167900,295468.45250472135
750000,389181.2207114996
231000,103722.49533611738
687000,711693.0620655545
317000,444266.4746688079
169000,180593.85721263266
200000,178046.25292860632
315000,227322.07218459158
534000,858735.189248656
159000,264515.3502767962
300000,301240.30158234836
1095000,1020255.1262623551
630000,414524.3426222396
235000,178346.76952723885
288000,227443.84182279327
315000,306401.3687556529
319000,287039.48691228847
187000,325487.71985241154
545000,220980.65080769494
249000,317548.5121782938
329900,273644.7992456179
691000,418172.9363766324
228780,227585.04949274258
54000,103876.70429399377
249000,195599.49206507235
184400,206230.08744972086
208000,139643.9575958309
109000,162052.16685499
46500,86512.18208039517
274500,190499.86452661097
310000,296755.66606879217
171600,180433.66853208415
190800,266556.00603618065
299000,220383.4617684511
40000,109794.61000750645
399000,288957.8381465695
284850,228230.47964148206
360000,258842.81226051075
120000,218177.76340458036
495000,615079.6646157678
135000,403865.0720809368
1220000,947843.7516173646
368000,281989.0165630845
186000,323657.21534412546
69500,73673.52739427428
190800,189745.2454975867
289000,344113.56167195836
375000,601110.912208672
235000,314792.03334797086
145000,152467.6995405072
266500,185971.91619069406
120000,146177.86437583365
197025,157107.93062530033
313000,206955.20991132257
369500,293431.08420330874
856900,536072.5417380094
582000,502012.3657896075
158000,100076.2175844722
432000,353111.30258848274
219000,153776.61228425096
159000,174979.7917306164
795000,564405.730158325
213600,408922.5114152964
256000,138293.4611803446
443000,463511.15556381154
190000,115276.88243076371
285000,1083291.7621320162
385000,628663.1366729783
468000,467906.42470394965
466650,324223.56136401487
47000,108742.49805764937
630000,491499.84738351335
229000,296605.9796925358
940000,709525.9291149377
589000,311940.48760066053
131000,171300.0396564614
256000,242256.78049802326
405000,346641.8928759833
213000,288424.2786363739
1247500,557751.539620833
88500,180538.11893108912
519000,621373.5342836047
499000,544195.4283860355
270000,313422.729856821
465000,422456.60172589583
262000,207734.89857432584
630000,231562.19877536656
299500,328005.54275654105
348000,695950.1479376754
135990,204705.05222641476
175000,258134.85735503404
607000,677749.4887721866
921150,489983.5607251103
29000,67088.74942745252
218000,155736.4051274168
169000,252232.20961769723
345000,455359.2870294874
259500,240824.07469577188
259000,152934.3841796793
365750,245084.2241802259
236250,281868.0116910032
468000,330263.6570711904
304000,322145.3257437241
157500,156862.9376791236
460000,387680.3822484954
582400,550532.1625173147
392000,363337.12601057556
240000,236549.10556034013
1190000,507500.24994038127
327050,182230.09764236366
515000,400554.30722604296
349000,259115.35243703783
279000,311242.7647425258
86000,242813.90995381423
219000,436223.39597305394
299900,303989.235813333
393750,139742.03653774344
170000,292989.5218962419
519000,553915.934867867
577000,543766.0770666073
285000,375417.37525374827
140000,212739.1589502378
174900,268854.53101870214
185000,214117.01967296164
299000,324253.5793943714
80000,131661.1807410052
327000,419805.40883393714
510000,377087.60777238326
187000,207771.3720981872
545800,285118.54773060896
430000,649153.6961296733
320000,203110.5825073276
108695,104481.99711345122
225000,221696.50019095838
139990,204170.50463931792
333400,269302.16084452317
349900,376685.1541228416
87000,103548.00704938907
497125,427292.906440293
320000,466727.0107984205
494400,376090.48958835733
305900,388735.3248858688
251000,168712.9636064138
364300,234954.28758728693
230000,212892.82517956258
210000,197994.2486107042
185000,189877.3838090496
417000,418649.0718893716
395000,239161.9052356643
399000,366413.26587826153
245000,270947.1534371616
386250,502110.8763972324
1499000,688388.2465502645
192000,145263.18136171222
390000,314669.8548260527
239000,314623.609128121
525000,163925.5354811656
221550,170638.0862822342
240350,262608.3652091596
75500,139841.28201475536
270000,142248.84949987422
206000,429469.45218510996
350000,664028.276444905
290000,279622.0563107497
450000,194158.7739724071
135000,120668.55686202133
125000,170745.58876071646
213630,271223.2820904515
105990,124403.63151864524
599000,456075.86960706074
343000,272256.68084807484
699000,577645.2511297187
175000,216056.6116065682
377000,306136.8742700807
242000,182234.2564512105
699500,545544.9278345155
673000,809447.1244000802
85000,168166.4357406169
378000,298249.38694978965
230999,116613.26947911596
199000,269034.59450023645
198000,208236.90942691706
170000,120883.08783560469
136000,269682.528695591
195000,298441.70516037656
448000,402147.55265361234
1230000,1180473.7037349453
76000,94607.97037464789
642500,350180.32236380636
129990,151987.63589093767
957000,605227.0104632777
349800,309714.5218490401
174500,235856.6542923267
194500,185347.7978636588
420000,298165.6455485582
241500,266624.82969721576
240000,303794.9530154066
308000,315660.54357283696
735000,246653.61659703136
290000,334538.0772026527
145000,117505.98654799997
199900,157737.5078621757
220000,324260.1090125237
109500,196393.92055765074
96000,151266.0905055055
109500,71659.83175566707
567000,453299.4049755135
160000,77446.34106369533
70000,112085.67887680569
200600,225067.0870015227
89900,114144.33124871833
685000,336835.0075968168
315000,407686.7298885856
59500,84435.05957136946
369000,344346.30978636094
1390000,998340.1332297868
290000,170643.39127289434
950000,585947.17495185
562000,381170.02922862093
1199000,752867.8298372794
249000,210192.2756436788
213500,186209.0323776442
334850,215157.28387899642
330000,240381.9914461445
410000,259049.62959099625
124000,209237.46114550353
90000,225138.32453351218
329600,338826.2044535736
283500,211619.54367880517
118000,133415.5101579028
102000,111323.54246208808
216000,186921.79980568058
699000,845089.0699838403
598500,381741.6297642156
260952,125314.42458153231
407000,403909.16136951465
218400,246388.3411532127
849000,527916.7890892758
319000,262502.578635053
141720,155221.69131763626
115000,112705.74022260144
980000,1254153.927964523
182000,185931.67165493607
165990,494787.1201285251
373000,427471.5038797927
316000,126343.29493607952
113400,173397.7651535933
221550,178285.92079875246
769600,444749.61340139335
220000,260224.8703795812
83000,94822.63774438559
299000,360723.694449951
1445000,1035418.4904454015
344000,248679.89693596712
669000,506012.54637451575
280000,291032.33880956203
145600,171959.35138961862
154000,157347.16423742252
772000,742583.4623627132
1078000,1150518.9534723798
239000,199328.18077237072
162180,280099.0518070294
296800,216965.18982710637
673000,629010.6865029758
170000,151409.99078968662
119000,144222.10599436838
65000,147571.57817313593
369000,453686.11826710694
190000,206807.96337587258
384560,307971.6029838854
1455000,768799.0505853994
728000,536661.0504803808
630000,392795.66930658737
278000,386352.79865562095
80000,227136.4021940102
229000,419551.6761619462
220000,223999.52376281391
59000,117674.61809522574
483000,502997.90801038744
127000,115165.50645954703
195000,208681.80578899715
276000,277286.03487467044
210000,251612.5325519063
70600,74445.44007986903
204900,219876.37834519328
418000,228095.0283916536
341000,450555.7144166657
70000,133516.7254122062
557500,247281.9208749272
273000,313894.58344850026
219000,280355.25344774773
134000,169647.67200056382
420000,329462.5580548133
416000,363120.5542826921
152250,160669.57243163997
649900,357925.2554218169
263000,198023.36549604486
69000,102396.74312507796
380800,271707.0603076869
480000,452814.3891567973
217000,180204.43946627944
219900,234798.39907687344
450000,790767.9111084784
199000,226641.19507563836
424000,319962.1232578397
146000,146379.5014140303
399990,225355.55997538083
1280000,715417.4596705121
375000,390959.79224778584
79900,157922.94262010412
233000,345566.79216945765
353000,389399.00500124507
158500,132972.8241722418
315000,179125.19543888222
1285000,934070.6848365314
135000,177754.16094278664
240000,274206.90055605985
636000,819372.1116695139
295000,189220.3940615331
235400,192527.01228502675
153000,193759.48649199054
414000,286985.6760397546
700000,457633.87095202337
1080000,430695.6721474493
252800,302640.96266792156
382000,395977.5992908259
343000,240887.1927637634
355000,374241.9455811475
229000,263649.88295719004
645000,757362.7645729071
55000,194596.2159434558
589000,411499.1421902871
312000,183502.53448551177
284000,403427.70256070106
794000,911875.7978007628
255000,138628.0726824311
107200,152310.4108363622
180000,95198.67737003781
414000,490998.6905684531
149000,154545.43067043475
450000,354166.05655344954
290000,312422.4024336612
60000,141521.3933993788
225000,234100.09829424674
438000,415591.95592938137
278990,269210.66697489313
856900,635918.3822746471
640000,331531.9277596878
479000,528164.1254990359
142000,151059.4714281635
199000,219670.3674914607
1467200,729858.8255346529
440000,227434.43206911662
159000,190555.48989170714
174500,245712.70780761645
397000,249377.9643397787
1395000,650166.1850535952
150000,112909.71039599094
364000,382440.0855746046
247000,235444.85152181648
80000,176221.48561592135
45000,196445.26469187994
190000,206763.5841921397
194000,163240.58189054858
369000,261312.81196021338
253200,244355.03904267368
158000,186075.69496570475
330000,309516.81954608456
603865,322163.05931855476
123000,207361.00856736096
181050,165685.96081832825
158000,236213.55555599675
188000,277022.0458152946
395000,373611.01615448046
357400,441180.61357231654
140000,168727.29489335636
75000,70188.79090004659
338000,341333.93625441287
124990,145775.77634265836
870000,787932.1655026303
121500,131617.47500011852
149000,143330.49500639128
820000,873856.4502309582
385000,551604.1455132226
197025,265683.4806636484
252280,292839.42815851397
590000,623077.7124524663
723000,472133.1042907707
108500,150561.77857322135
142500,112379.25549514519
500000,446890.1661463261
90500,212083.4747320367
129000,169370.59355291643
245000,323491.70633772155
535600,521231.8719289515
298000,239966.56548274987
329000,371996.26895106316
171000,300260.1493145621
500000,623507.2014601115
436650,181742.3950904
399000,363994.27590968093
379800,361195.8864040634
157000,210873.1771193871
167000,169247.58729806865
680000,614662.0062087514
363000,279304.82682613167
315000,324371.094973189
535600,488166.25157398114
137000,220962.44160444973
120000,62636.9829068939
295000,482121.6486692477
327050,183152.47419101794
210000,583115.0234775255
285000,323220.79856694833
515000,495018.3876515231
340000,338699.37896983366
567500,356926.4648322135
1295000,970810.0876941623
50000,246405.91253606332
195000,195759.42728501948
190000,402235.42468559224
315000,298696.61600032763
1310000,818425.9534155887
66500,109181.73545872787
390000,442433.31111605413
108990,204057.61621243827
416000,349145.3469297696
154400,101711.44173361384
330000,426401.2532959475
328600,262934.4617168271
644000,469594.0432080798
205000,160520.34174763176
225000,265865.1955275147
177000,342662.80939557555
640500,713430.6429456074
137000,180688.8018249975
450000,432106.04243012686
1150000,607075.1954342322
236000,332734.99773381016
189700,164897.18763383364
650000,596109.2796933879
183750,290214.9090378078
140000,169884.06646168107
185500,278711.6308600476
341087,330153.5224713842
130000,101886.05087376513
349000,605103.8096864126
559000,329518.3351919329
499000,541924.1406783162
635000,675831.9243266002
436000,409595.69730604015
651000,533044.0709756172
160000,184367.11294844895
829000,895068.5990019396
205000,221910.68738756227
115000,116293.10960489226
529000,401700.9881597204
845000,631076.554869683
925000,520449.4871867046
1310000,488536.744101226
650000,889470.8797989264
885000,776433.4503006268
95000,146707.4897859092
259000,337080.67119696114
380000,231935.77348104946
750000,595680.9632608847
679999,558119.5226643996
97710,213269.2193018494
995000,1284915.1302326233
165000,141546.46772843957
220000,136924.62296477394
525000,650436.1705637827
570000,890049.107950033
59000,85322.67976695305
249000,234187.68702385953
96000,247769.10596533224
278900,330062.39094953955
450000,467836.52413713536
85000,144590.5943435005
96000,98037.34273798503
1350000,674371.802434046
263750,258856.78992683225
298000,331045.9217566504
1612000,625126.5731063756
880000,881008.5683206699
291500,253767.35443538777
315800,248463.64983073628
169000,208453.69462102995
129000,115221.02699563978
399000,292870.3182186596
480000,560274.0937787086
205000,144806.55493050217
159000,311968.8648696489
645000,462142.4463372495
55000,118187.5354892321
387516,394526.8259183995
199000,200390.4057960939
345000,290176.82939078537
299000,174479.23305190227
239000,200010.37665466193
243800,215910.0854281065
171200,127723.4035514449
139000,151692.0950838682
149000,196201.61683991598
142500,228535.59724645523
159000,144047.70690612085
650000,655085.7496705687
99000,131564.14424443935
750000,367018.39483630983
280000,397492.4115462393
438900,366527.97347828426
123500,184605.87235589328
100000,200029.1077305824
1230000,1098007.2119574603
406175,234826.94170762482
36480,229471.14979859878
260000,211684.10235707107
348400,221272.27363019728
378000,363907.2484314732
749000,669348.9555107189
239000,259366.57150484464
160500,242505.7879088908
234000,163632.39093643695
400000,237429.7292554299
375000,216044.60784500663
474700,336305.18862748117
895000,1068828.5551517676
416500,358329.4367182968
251000,427524.6984689073
740000,692224.6777217342
628000,413671.99954316753
545000,548878.6530614436
449900,548301.7458792897
176800,193085.59006115372
210000,228543.05071521108
224000,245669.98958747942
169300,172438.4511942267
490000,418449.8032123884
222600,174832.88073166192
49000,104209.06117115155
269500,297070.8324029928
385000,287057.8651565862
295000,341621.6176521403
399900,285778.22264761385
167500,197061.58329152176
164000,132019.41610423493
302000,264278.18677707826
440000,316470.2529968084
275001,334662.01750025817
621052,421039.7134674016
598430,460227.30043170106
252405,190797.57862445762
212000,143444.45259256678
176800,243545.6202135648
276000,303136.27867623913
525000,655245.7400860442
187250,356398.6752722594
190000,201340.10912701132
416000,247317.63267184581
480500,280864.43198384903
299000,224894.78609668737
349000,425911.26403064374
150000,284480.8273622971
895000,288771.52606923535
259000,234097.69454151485
189000,259604.26634471692
230000,439377.3931080733
196000,197744.5142152872
451740,307816.648014258
199900,154467.13973913348
70000,79985.1827802398
109000,85371.3040897661
435000,294754.1345530956
98550,142327.46626403925
367393,334667.7209857805
325000,440260.5827368676
1195000,1232207.6398898591
181050,212251.81301438657
535000,401064.09577287175
219000,190299.00499282952
299000,263923.6082602513
159000,162005.1917910651
270000,182791.4587875505
498200,807054.4074226985
427500,342506.45342944004
649000,449711.3733827239
129000,134791.81655474156
475000,279283.640784053
351272,333690.27144470986
139500,165087.40052633596
236000,217660.6864638231
988000,763589.3482823126
500000,494552.69719228364
200000,237168.20886649445
279000,213757.20410005833
321775,306932.29255417344
499000,448402.1088116785
470000,408447.67584445147
399000,356764.33924091706
150000,134650.42611503354
108070,185115.59970549823
280000,254724.86143994326
350000,310854.4502003159
180200,182710.99088514506
357000,516753.53801412456
572650,348891.2452939972
220000,280675.9708969523
209000,268784.0088059152
649000,404807.52376813104
402800,142379.58829935046
430500,432059.35659203556
334000,437697.5531455999
283000,329743.0893539906
86000,285755.89128687716
399000,246142.66051717757
194000,269466.3105452967
730000,770195.7831919494
830000,798325.8026828226
167000,263853.88206935563
199000,164154.1777841468
615000,432108.3076976983
316000,331276.8377744797
173000,187927.82656680248
139000,171404.49555459598
215000,190150.34011127645
299900,255044.13315703097
689000,178773.51807394353
369000,344839.8689102437
240000,186235.08609269303
128000,322611.0420034677
330150,371495.3893316522
342870,230331.50363604815
459000,380412.2319895341
375000,336777.21826920327
273900,257682.36513533624
299000,516049.80450861686
205000,222013.92819984694
147000,191134.96136679302
396000,412463.3760680963
840000,320612.35048818507
214000,141510.04565233312
458000,479933.4275086389
29999,68205.84754239632
344850,478071.7381488039
249600,171267.6291926461
560000,388104.8626814556
849500,518814.7746784907
175000,209173.1322666963
205000,210896.16162479587
359000,360844.7326684013
475000,514701.93543694995
552000,543219.6957997422
43000,124358.12068831676
650000,474528.14592064125
139000,151275.21843686522
590000,315240.7979509245
289000,386687.62075646786
580000,520765.6392169737
610000,474124.4729414542
146000,179536.96093618707
164300,142777.0853007978
264000,175448.09129724943
167500,222447.15829116732
1277000,588192.6060791851
144000,267659.4640339892
449000,348186.28600811656
787500,604834.5863004515
265000,239242.59316703674
260000,228582.74147259802
343000,245646.05185674236
480000,425336.320895229
495000,361464.9207137911
299000,327444.84455812187
218400,227428.54741876692
318725,256803.5593759986
260000,564388.044614208
139000,325377.9042809521
320000,161654.61872381915
212000,195479.69809962594
220000,244161.40171716045
269000,176028.0601263121
97000,279130.56683854345
1250000,441196.49204805045
275290,149475.35510848378
595000,332113.14158113184
259000,327164.2151728441
155000,97349.93021851438
270400,243478.57085685886
1600000,1131785.7419196488
336000,242918.53090401072
682500,927032.583521675
249366,274748.17459955864
39850,88295.02973680373
188000,116331.44565808124
595000,562371.1591930732
594000,429391.40015520493
267000,196746.98924046365
468000,444517.0561930661
182000,170347.23397864035
315000,158874.78306047994
499500,379875.55209514283
570000,415003.10551503836
385000,360715.17850277835
578000,542613.8586657853
285900,226304.74922928607
400360,316109.35964832973
94000,307677.4994902951
112000,121574.63206893783
117700,122438.65600061216
299000,237773.2068800883
119900,119393.65302737786
175000,209173.71636217146
119500,145333.5111903569
298000,291573.9747715286
283000,229884.74169197018
157500,201597.36004384267
300000,498205.2116488143
171200,168097.00982858406
483000,465399.3586864049
156000,213746.3231966284
185000,231440.84995841773
1495000,1049954.9638796288
645000,543750.9741537389
299000,302910.40597921395
395000,256119.64148281302
382720,406791.9871996639
238500,303438.05179743475
789000,1003877.5358401941
573000,414762.73985341395
221000,155440.74375546028
347000,194036.49669139742
159000,152764.46069522484
350000,330028.4167657826
296000,316176.05688358966
337000,298053.1070417239
355000,141205.59912429206
239000,229128.44556806827
450000,428366.56338096707
372000,338502.8610065901
441000,301379.8346757622
209000,222601.47897653005
243800,150781.82053056546
305000,484276.78860761225
375000,452769.82026294206
540000,212607.00393018845
190000,377333.4496894445
299000,151900.30291637537
1210000,611276.9803942953
265000,256035.09076122133
150000,197574.5804975552
138675,75767.15290172076
399000,462801.5386895959
1325000,897576.2581150554
138300,175828.36766092214
383000,501897.3201536939
261500,288588.4135901833
168000,144590.9742876284
120000,112815.38378270339
674000,553701.0930167036
585000,604829.2388992643
426000,336297.3540405144
1370000,815864.1139755256
995000,942316.0980181996
217155,268771.81676576484
155000,171532.3594423149
172000,129849.5578587774
245000,330947.2949570735
484100,404780.3151075002
440000,502357.7508106056
150000,372302.39902342984
159000,189592.2274403969
686400,591306.7808770121
189900,206253.29846116155
1300000,911767.7988969716
289900,808177.0080680436
214000,206276.59646495132
249000,210124.87897222018
160500,210571.9533121592
799000,500051.56303803157
225000,143675.7036001032
264000,226684.05126988862
410000,491092.8731725763
280000,272123.6815392334
70000,194234.8041384359
335000,276815.76086605206
929000,964775.0968591761
217980,287814.50302084454
210000,390590.825363961
251000,255253.71017594647
389000,383475.4947419199
295000,396641.677354947
425000,345700.27573770814
151500,152676.84503259038
735000,336079.96633039607
265000,227244.67675773104
196000,274873.3292947264
585000,593422.8626454616
249000,212833.76046237716
175000,299176.7097154605
216300,274237.56187470414
433000,248275.65919083825
119840,109591.41052897672
190000,171579.28377817982
363000,382898.67695798795
380000,366096.57926355436
149500,185044.09224072826
197000,285050.3207204694
347052,372077.65342863044
84240,149276.08719282795
128900,186087.0911011973
380000,220524.58639061105
192000,274767.96959170495
300000,266652.3905040081
260000,269890.2835575604
379000,525663.8876634721
85000,229988.29460361207
148000,177579.05355089786
690000,468524.87650477834
159950,164082.21306854152
210000,173618.11814599347
200000,329473.21208396344
210000,247883.09661312087
645000,657835.7896222619
132000,155806.94132272387
924000,527521.0115194354
99000,160844.65742353268
645000,543796.2034353673
536000,576441.4607458361
190000,375089.5623383072
859000,522725.6485007955
275000,216107.1596253279
690000,513084.7195417927
63000,171125.82064580687
298000,104209.56293371445
149800,144254.53468059938
165000,245226.99805554905
173000,259633.04140477208
271500,449413.19416392787
845000,639296.7201659263
367000,173153.44781614727
220000,216355.89230073304
292500,170922.66871025515
670000,578899.9528304236
418000,237829.38764435105
132990,377825.42025024164
235000,359826.2209398079
235000,244589.57245167426
230000,243902.8573007256
695000,1098722.8393905787
369000,225253.6379728385
426400,252141.86499965095
290000,213273.06864090674
499200,217962.15884414632
295000,480036.670987769
292000,221806.96110700647
283500,221487.7058279508
105500,101460.82121142166
211000,266850.069939687
199000,139467.5637805939
750000,539187.7965823872
345000,279880.97683698783
128000,207967.22075082824
550000,415536.0428146784
139500,209910.21513175312
832000,613817.453515317
1199900,522929.68859855813
188360,185380.0034258953
194000,227777.48819330407
535000,500125.43332092237
257500,270186.63824055425
360000,396932.7078577529
450000,309344.5509135029
90000,103895.67338965225
1200000,859574.0781115203
182000,185842.2133496673
249000,264753.19127558335
880000,1104325.6967554302
159000,84602.3028160614
50625,103230.52169629147
190000,244265.78127719252
126000,283373.08296659496
187200,217759.1006859498
297500,331384.2085550391
359900,422638.3877743121
395000,258493.15211831842
99000,88437.86728782183
350000,294896.4366450497
146200,177848.8088998086
139000,107867.01665939532
405000,234925.2160885634
267000,323669.18099895935
379600,292797.4793628514
375000,458850.1227220716
251000,268209.02353630756
398500,590205.9433337973
203000,171891.11936628562
245000,234674.56689559377
790000,434513.0551556739
185000,125542.91399859298
547000,481913.4296869003
658300,297972.1919152325
275600,153641.88915486928
705000,691748.2981569996
75500,165069.70603516552
169500,201964.8411604558
240350,243637.30693944122
450000,495901.5790869846
106000,198953.70875052287
285000,168760.00718949662
270900,300197.52453331905
590000,622992.515196162
128100,116742.31036405824
610000,819438.25125908
392000,300541.9007037033
1690000,695321.0239756556
687000,532092.2018781471
189000,233855.8592044776
128000,162983.58699791442
131950,177486.35188977505
145000,212328.5153338973
179000,182726.64240419434
496000,404922.18056608946
420000,225352.92886718686
255000,224064.56512367874
149000,118281.91848772159
420000,373837.3241733113
384000,318388.36154498154
37000,123045.13801085157
215000,222232.3208449619
312000,329215.5536802266
985000,386361.2862364647
162500,302189.7121928312
410000,359505.3668644787
216300,215074.74333238264
761000,534267.476414785
879000,600581.3712151932
160500,168107.13111633784
420000,347633.23428727145
61000,212026.13971202128
88000,113004.31361691719
714000,612616.6359612957
170000,180265.5588238179
161000,305040.3214927708
875000,742324.2739071466
159000,251403.8871220366
132000,178843.0178067656
257000,445293.1248594002
168000,150294.24328521924
225000,286996.69996559015
68500,105646.29347118831
199000,222330.35878807883
64000,134220.77143019548
495000,373933.08013954805
286000,259679.152870344
655000,361912.31974159594
588000,497341.0586642436
985000,1123278.451557589
1600000,1040212.2068191641
190000,199809.0486886584
270000,125625.81932280184
310000,355710.2391896932
112000,129019.80154330791
116600,208768.88301343317
374900,671014.9633557767
235125,185136.3849432195
340500,448454.78775694576
630000,720181.5083432033
273000,340728.3420938862
248354,248733.35786747775
525000,303921.27518682013
850000,524012.07129398105
137000,229114.69176284832
213000,197959.11294478682
799000,298055.98871824454
303000,327948.67018451827
265000,423310.67279795563
380000,132465.6865375957
242000,123227.16228537854
449000,409891.2754434581
159750,193735.2428027186
70000,107183.1019829092
387500,199506.4812847466
273000,295023.81995232665
450000,348399.77585305047
475000,420928.126617802
214870,255402.01390450526
379000,138017.61176007133
317000,264267.168245842
129000,171972.23075948513
327000,357763.1505767569
133000,161683.28571209236
590000,731981.9784901524
230000,174164.12417214955
345000,465648.63049684593
534000,725838.0096676876
1200000,458694.502597477
535000,367175.93867898476
220000,268790.45205970365
1250000,785511.5946111311
91000,97920.05612397353
498000,280171.7813651637
197400,232874.46727705115
340500,282239.3759807705
398000,367405.6445841113
245000,177522.0809163819
480000,592047.2282744923
199000,217552.0066203032
369000,337957.5178691398
179500,226676.0375301358
169900,297539.90943178
188000,204474.43803727225
220000,160564.94605553252
163000,146221.1743364019
634400,432147.7883452486
133900,190152.66931003798
189740,202671.3754026704
228000,163731.32896533867
1099000,1014915.2655935911
445000,346189.64539890364
185000,189618.61184482454
619000,474482.80305965745
140400,134683.71419835463
286000,149633.8720738183
325500,224979.94227555936
84000,188982.82211003144
336000,230746.64386213882
162000,140532.48084237482
270000,384577.0566950578
279000,261827.34147505555
293000,252270.2242030628
468000,480109.6887348082
125000,170259.63941244534
599000,743720.309575569
1315000,1334078.2049592165
157000,191382.38496436554
261000,269225.5345749781
480000,629298.2249245635
198000,144057.35836351095
830000,765321.6523002936
372500,415579.2020091624
118000,276968.4505101673
400900,113074.18139354466
147000,207910.23211411433
39500,70583.488029451
247000,283406.00827429624
272632,170162.29959555113
172000,324507.6908428094
106000,164353.8330262285
630000,568940.159739831
198955,290787.29535748914
150000,180480.73339920954
479000,334212.95987413457
124500,154825.45225330844
237000,231855.96341032558
191500,385033.2119159357
243900,295331.5798964699
249900,269688.99209457514
85000,162858.45236302988
290610,258774.28903623775
1140000,1222866.5166317148
439800,224747.6537542171
125000,231215.14931057795
441000,373553.87629016297
665000,469307.1552559692
187440,127089.8850508429
485000,295453.1100174472
170000,226664.91956876652
323000,229213.91454204026
680000,454906.096087429
205000,240912.1517015562
209500,473317.4528653741
299000,435510.47632867243
109000,184752.37648702983
455800,387284.1647369223
84000,226410.2287064273
1050000,470761.53380171605
261000,464224.84574563184
220000,170249.25671457348
300000,283979.10527108546
87000,110957.63611851589
128500,166365.00708564388
195000,241653.48373665658
331600,400495.2492446838
223000,196560.53783980032
197000,204988.19678322063
425000,350869.9267184561
127000,150325.8870916548
94000,154067.69200257424
367500,415562.4382585126
180000,229776.2265919902
795000,553545.2696107182
320000,277853.3740046747
282510,334204.74208431726
330000,271158.9368906458
799000,585422.0771416484
650000,731509.3148676587
212000,199351.8215937251
120000,115723.38847958439
699920,382672.8841877204
409500,333445.9735089532
713000,539703.4631120923
190000,346422.1008444943
333000,285022.69036752335
159000,134072.00796539185
661592,692623.0673583089
77000,137910.71926385773
361000,261366.18019746192
160500,174048.672238924
303000,192703.45282322163
350000,515794.96508237306
189000,252657.10550937615
515000,435226.3414316072
407000,341545.7192207495
235000,301268.56488936814
188000,178759.94198383144
165850,121958.87445239283
298000,205183.38644574533
498000,343048.99881857313
76500,71185.0825445557
173250,183075.40645180177
193000,260372.4726707649
449000,390949.3635121193
515000,822638.9324171098
198300,206964.06363089255
674000,597279.1068982229
467000,478581.75489824533
309000,232633.63738748216
695000,353546.8265943036
122000,155641.43800193872
560000,529264.1062469486
134000,165727.98053346397
191000,310297.0126128605
275000,220587.22833021823
311500,285557.7340674314
575000,498233.4312877277
259700,389754.7118380062
364990,258271.8018433578
320000,609476.2274084699
188000,166972.56360363032
85000,101498.68442567375
340000,441536.52552867366
349900,363134.2139250702
342000,495854.56338072283
143500,233275.68162093573
87800,219339.52194741648
514000,753813.8461853961
136000,287788.6553026673
224000,253646.47973688346
260000,116377.14398523618
316500,241326.44602778862
179000,211345.7155545636
1424250,379788.2458316609
196100,157196.22683575068
280000,177901.08907942873
254400,270716.92678666173
79900,136235.13281453884
290000,383197.6216228853
139000,215834.40736127776
233000,238826.8736562016
350000,386336.9326251423
92900,107962.53839844438
387000,397540.17973174993
279800,298188.2864286009
116500,177205.5469637239
189000,164434.43653932514
350000,366702.23252972803
495000,554288.6898208122
295000,165572.0405907746
120000,311146.39089470735
320000,484627.1402373657
370000,225173.6091223243
779000,475536.5544618704
1303000,397903.646123098
470000,168545.62286599804
315000,363897.39335522684
159000,200893.35788001426
226000,308906.4418051657
149000,384352.0890748106
97800,103633.87079944466
266000,255489.90209809743
233200,254191.9173538704
399000,158724.9009483552
87500,158564.09132024317
130000,105662.82689996545
313000,244275.89835887574
169290,305500.9121355757
166720,113825.22002270036
271500,250112.55694152458
551100,501506.4393544794
240000,293904.28951851267
117660,156207.38853568045
114000,180415.94280003035
499000,793422.035604758
86000,145479.71415200114
275600,146792.0628513659
509000,253659.4754665111
449000,491593.01310423936
579000,380677.53941038885
390000,490824.54233053554
699000,790294.0644190157
137000,137951.645785425
80500,159676.32663260994
254400,338682.9672872206
159800,223686.47771281213
267000,242440.12724162595
253600,283005.34143317287
92000,235613.2038446343
1350000,420377.1374366516
57700,50383.92331607984
129100,140178.26823408468
244000,235396.27924003522
212765,232282.50468240675
1630000,1474221.133761825
343700,211280.9294960804
147000,137567.1049480724
284000,300520.4382150364
485000,552969.5657442635
182000,311450.80545687507
179900,178423.35563668387
275000,236987.8699110008
481000,409424.4312977982
149000,242884.22492333569
487000,388392.4809804208
62000,126638.60840552354
106000,207290.93360337403
435000,467418.6434355455
444000,527992.0844267354
448000,501673.258303916
750000,791082.4946737642
157500,268965.4052269299
299000,257185.64021765467
329000,303706.3182331043
105000,162902.14485375362
470000,354415.73936810606
475000,439281.2583662864
278000,386304.7836973331
488000,254003.64980943635
250000,226962.98754954129
344000,325321.3405183957
292000,299798.52810985356
121900,167139.41017858763
665000,369721.8374791863
70000,106255.21894221415
316500,356844.9366216666
438900,597175.0708833026
393000,672834.5885909849
389000,339547.56721027655
420000,398696.99882576615
495000,537987.6657306486
235000,178944.39688627262
170000,171030.019321449
146990,169372.7929637102
156000,1141549.3748957927
169000,389149.77368358313
159900,252152.7437982097
450000,321322.4912765624
629000,420016.91614024626
199000,338317.2701050481
285000,283207.42304033245
212500,246096.70690191776
487000,425203.7089747044
225000,281616.9254114336
255600,241155.33777086108
198000,229639.86115365574
174735,258526.9172258231
47000,67476.94744042846
265000,247683.95677841225
395000,237201.5228047462
660000,588821.1214664902
498200,200200.4827861621
320000,216191.80814449268
199500,216695.52710394788
439000,355990.90495866654
493000,411975.3558562812
56000,135483.30539047177
262000,209737.68906225392
233200,254676.54928368216
775000,714349.9580490827
85000,57084.14190036161
225000,319868.68906136893
388000,528387.6951670072
110250,123392.53520329426
590425,215362.93596089588
155000,220179.4175802597
699900,1003972.5207678889
595000,350583.5135981802
227900,153889.18146448044
720000,495568.0881013709
192000,208148.24503732988
320000,314099.09558633826
355300,445999.47440291836
270000,211190.34559561088
924000,679517.2282079377
210000,277897.50174129836
372750,455082.8265737756
181900,268504.80619333434
645000,884431.0170359103
367500,497848.78923975845
840000,580675.4005887301
728000,352411.9728770647
257000,180672.1652475781
435000,269816.68035671784
155000,233056.58671321228
552700,272541.39081190596
435000,422069.6705877753
765000,618597.8925044608
249000,318478.6461679384
212000,260485.13815925847
695000,718318.7400948455
350000,397731.53830325906
105000,231486.22981117325
305000,270497.9375836951
142290,147535.30963580456
995000,712632.7867505961
180830,273220.4946485377
199990,142725.12133999693
265000,156933.12388326033
355000,316934.98052349023
379000,534545.4805719611
359000,617543.5092505583
927000,747121.7979115203
212000,359424.1275952123
450000,374294.46517578675
370000,736516.6777126497
549000,638942.316700631
360000,329831.0862909081
170000,253424.53389229122
221500,222203.87014395688
265000,326121.43247133994
124990,104300.39107628305
253250,220097.5299972475
210000,305279.1533083178
140000,276879.22704598156
437000,396495.7309619653
140000,99096.55235834711
195000,312564.6635340883
650000,682755.7976266764
178500,365827.2271989104
530000,306527.2666150362
1198000,1299186.114050397
186000,224857.80075244082
1400000,1297563.1863200904
232000,174696.75342623753
199363,180299.2621423953
1179000,1031167.4255213873
209000,314861.0803897891
167000,215789.3490238116
116500,127733.00825623052
292000,327650.72446489544
278000,189169.36730831178
153000,168095.2865363012
297000,198657.99384179938
164200,175614.8342255932
320000,352115.0059693066
1595000,1053526.6607779707
237000,473555.65364845266
136200,89490.93757318897
710000,402426.12307592295
640000,624070.2957398826
245600,211997.0406960791
349000,298840.248580803
112500,225946.57985388723
273000,164830.25938921678
95000,87794.63096041852
395000,464938.4122160276
152290,228307.9936525295
795600,491926.55402023176
176000,172649.29724309163
58000,109204.37892501728
343200,554229.8842900224
153450,356639.18641433475
282000,255062.0052823452
279000,295721.6676929235
1530000,785627.2583340212
139900,128080.07669618948
438200,370577.2031883263
165000,153260.94373484812
220000,266826.94024120085
245000,224001.5485458878
115280,254038.35083888963
228000,178144.0592763114
488800,363842.4274296071
285000,222121.400912948
265000,281545.33863305696
55000,198487.94236977902
122000,227793.23502539546
644000,574675.9727463863
140000,313383.3395203663
1080000,736652.446668619
283000,283931.5613797546
389000,619275.2296722294
97800,144238.56312246912
215000,126041.9388645285
91000,92725.73604663291
179000,228729.60367477417
245000,276967.4687342479
682500,361686.3885990718
1050000,374712.94838891504
178000,312698.5905046984
216000,249608.9580797487
251450,530227.6502424211
623300,642016.5145384042
515000,348200.0027700919
86000,101168.45487937788
168000,320468.9057835763
209800,205544.226532161
743000,486011.9369662614
95000,96184.33177345022
599000,709400.4605953506
315000,333366.0721973588
120000,97830.19795232346
598000,414151.6407941746
229000,267322.11957523704
192100,290330.11192344065
475000,636724.4771265226
385000,429636.55870546115
175000,107865.19906625513
56000,99127.45097174184
248500,223297.6548124812
400900,168274.33181020952
165000,212419.81812326956
189000,274863.28709194664
79000,169544.91768776745
299000,176779.8034210441
624000,395594.67824254144
164800,158282.17529433564
116000,117898.33539701284
1090000,373200.39713154174
249000,258654.36628282454
288486,293889.35803881637
744000,700526.2439190774
194000,102568.39309710827
215000,165753.4157360226
315000,251980.61908920459
265000,359030.47013678344
480000,324176.7048331038
532000,335269.0788475689
156000,189187.9526097898
299000,499692.93305920943
330000,302730.16140719823
163000,248051.9818579159
365000,368789.4856862107
254000,142566.56502273335
110000,270897.2167297111
214800,268088.90699964087
810000,687229.9117858326
682000,1003591.1683322791
77000,66153.43120374343
500000,360578.08633003477
105000,169786.77128290033
232000,267141.12102246954
204000,124054.46864841538
106000,159921.70096653543
188900,201335.99229403574
325000,352109.37472589663
599700,454166.1356889144
351000,509347.7494328641
175000,181668.1983949891
299000,174612.04515553717
279900,294121.08996050776
242000,209368.27040615072
129000,116235.6824626502
529000,369035.8244853391
305000,315538.46451927716
343000,311545.20796732785
478354,371733.99770180986
222700,131980.98854382776
219000,274297.4037999342
74500,124589.71759705339
335000,506818.6513535211
203000,301170.6213725576
379500,348348.8652456096
365000,468814.0282278905
280000,200089.45884436328
114000,135047.1482336692
336000,166676.94343216313
349000,157325.03206020166
124450,124145.05517379151
1690000,1224781.7952936788
96000,183505.56991563746
259000,226828.02320605476
161000,264132.4165258628
334400,178313.88194147177
555000,727435.6005985112
795000,890422.8937968664
220000,240056.2445911234
185000,219906.3920140819
120000,334528.79283870745
199000,210797.02294486342
151200,214073.69134398084
278000,238009.892182769
1214000,1049780.8593608052
325000,378336.55743635725
279000,340247.00531787466
491400,503692.37169273576
189000,313145.0987999301
200000,226678.0540659199
383000,367813.22922049015
29000,52417.215738895495
230000,127218.44886861974
156000,180133.87964657941
188100,147819.39045333865
750000,192361.43051008697
249000,256082.25509583703
319000,217622.18544511264
599000,377425.60267945344
185310,315494.64771899406
158000,275427.9633007686
77000,191978.7867705584
338900,330889.83526165754
128800,83126.89188524299
129000,122828.43938854773
184000,150906.10779321424
201000,142341.94695957907
236170,278942.1051235626
811200,897358.5768564126
201500,197819.26225311283
170000,174128.08757630643
1300000,781596.7088052504
179000,115622.93012126726
100000,264733.021429461
360000,338579.0221516656
99000,184470.87017783223
299000,347984.04099530954
421500,372622.1222339446
135000,214871.4624613215
260000,287356.25761926326
185500,286717.09304203175
93000,190304.70849163466
314000,437125.4914930957
269000,350043.37399378145
140000,471962.58195725305
238500,265713.05740882107
75000,237352.31595947043
419000,296717.48912251147
298000,470144.66598200565
170100,142889.10251200333
1150000,968256.3715800786
575000,597665.5563640115
168000,327788.74709468905
92500,124889.0547093004
845000,1221155.7120429256
155000,266556.8693159119
396522,417105.8201075682
263000,257226.22024699443
425000,288210.8490607672
357000,236911.6227678946
148500,113977.41027832309
317170,282113.96108123206
504000,425092.9770097578
368000,313189.78228763794
820000,603777.7391761172
237000,241760.18831112998
409000,366851.72435883596
364000,227083.53584485804
832000,584836.914206775
77350,55225.96146612114
90000,77057.87070364095
550000,385607.5617882091
259000,186361.6785511189
139900,154792.52850811926
132500,217538.8357145198
163000,189515.55556476535
99000,148537.83933149517
273000,234062.47360226937
118000,125617.46501348248
149800,214363.76100792066
189000,184698.26032771808
499000,793744.1236921545
417000,447725.10021722736
297900,237962.87091755314
1150000,934455.8442641882
148000,189242.15326610036
555000,536004.7931838883
235000,177206.48240970387
345000,360751.8513191028
485600,347955.1063430869
950000,747586.1329987276
890000,861293.1925869774
320000,1690000.0
289000,378261.7088882214
182000,259624.45115851326
499000,735350.8510394893
218000,240515.77223625235
91740,136858.37409389263
560000,708930.1541837611
365000,505437.8207612045
148000,182286.56865602385
780000,655206.0599047118
759000,490310.19949076604
225000,180284.81315646763
210000,152369.44615404058
409000,592798.453818553
234000,341066.50692611927
894000,991291.2838258402
672000,994623.1882909297
165500,159025.094528373
110000,130335.46062037596
450000,357241.0346649559
775000,647531.4533279487
467955,490072.7336386357
245000,235200.20258315632
228975,243548.59187769238
380000,152457.48812211177
685000,392502.64446092036
131000,213810.8823805031
394800,418048.22964066337
268500,275968.1721264996
1155000,791834.9622604531
156000,142889.7400142109
404250,262126.8039425608
175600,262880.0685613043
849000,554513.3688573326
272000,262232.1344705983
995000,959677.9617584274
254000,105431.43680947296
161000,153475.10096310097
299900,265072.37025775044
225000,143738.2285531204
715000,522807.6530384053
51000,136626.0489913189
783000,802796.2870742229
408000,207500.3098963648
110000,143273.10900249044
312100,355769.31840562535
110000,376661.4848751573
1450000,1148500.5359671433
145000,131769.5475399548
235000,204853.92998001375
180000,210707.6877150931
260000,347104.51440175116
519000,621564.3060759907
227850,172189.58247076234
709000,554341.0785446397
280900,267900.0963098732
208650,266131.77775978186
275000,192643.87106384707
496000,567986.6063066612
679000,226751.47291986222
338000,439362.62361907726
499000,347840.60570226493
199000,207553.8874735953
139750,115190.60109216151
1345000,1306084.9483817536
290000,232247.52596370186
184500,326578.9788748556
163000,144821.68154846167
296900,240108.78152494805
125000,134033.8870015164
281000,378092.72339154035
132500,141337.92047974895
91000,127892.47488058607
1045000,764010.22050524
344000,452596.8153332399
740000,443800.37392745615
340000,328217.41512785474
192400,266557.53727978136
84500,113438.61393875178
172000,256106.8960402992
158100,98817.20555765119
475000,655277.7693392596
110000,211055.63351974136
133125,220015.28260712078
141450,284770.2441701989
157500,171212.86574696432
169000,146764.26938050278
385000,220954.2378772866
348000,250867.9993628958
128000,134934.70979919643
210000,123385.7134383211
675000,572122.4593277648
108000,197694.0470266916
194000,254695.0516294413
134000,92848.37454984893
370000,422315.3173257786
40500,86118.91327900998
903000,1086821.69188237
213000,160526.33773130795
215000,185514.79799684134
249000,170274.40642197366
551200,434818.169510322
400900,260814.4391804837
179000,203981.2329441692
400900,215060.28575861081
340000,260979.54879827407
135000,190579.66955636808
378000,458970.1680876462
455000,282856.00046905124
208000,183657.68266494398
201400,190662.60108941374
168500,290044.01077609416
157500,185613.936355215
530400,498959.51172884903
457000,392707.1099285864
315000,220772.75631105044
209000,329957.9790702636
315000,284688.02979959827
925000,631564.9004869808
275000,285825.5252403236
48500,94741.45210943134
355000,200020.0990003541
110000,148931.217081541
375000,232824.5847005247
200000,167696.81049490982
610000,789078.772485016
237875,214573.90439772405
920000,1055791.44807841
225500,226809.6116668476
169290,139117.10429772513
139850,153323.17394557365
253200,215997.62001412394
329000,309895.7044162797
940000,742071.0305482565
365000,394133.51443153736
195000,248034.25247257322
387500,199356.13479892773
398000,431836.0188235553
195000,334121.35419233126
171200,130245.6405137495
450000,553532.1016496192
169900,129534.53322513707
400000,252811.81671607264
39500,145369.88039535654
1316000,697135.8909636593
250000,219385.27371935046
255000,261321.27528441892
407160,166504.48053562993
770000,798733.9108029761
106175,142148.4390007801
510000,570481.8160379748
930000,561706.7095093711
90000,115253.45642420673
210000,153415.19086224306
275600,149580.70822336615
499000,496580.03983063065
1570000,766217.3913605149
1690000,678491.2819637641
229900,498708.90714738134
895000,906312.6914886836
440000,222500.44924903492
276000,170181.71328796554
151000,261935.90524037075
55000,89439.38339395491
113000,191536.73971319993
464000,495455.2346623276
212000,143105.09927698973
650000,496290.28265438584
490000,423067.2120091864
749000,617931.4003485964
770000,712570.6264132757
413000,548058.883151161
274000,279210.91996324644
378000,274362.7091286129
164800,287128.62294895964
290000,541803.1290358183
175000,204037.34170881376
270000,248786.49016927523
117000,92844.09124053996
233000,218324.39492068786
213000,285203.71549053397
225000,138992.73988774643
123000,119519.6241038723
119000,170762.04903661137
275600,144113.05944477356
75000,132010.89376762888
638800,460704.76266957656
308000,280023.20812130097
265000,331715.812283967
299000,301780.55190745526
369000,310824.8389063623
249000,271283.47627143294
250000,378882.0503421503
170000,311895.72686324455
370000,279408.4805074259
420000,324798.1766924922
680000,726477.3021330222
224000,276676.29905736784
289000,377181.33426900825
285000,245016.70727654864
479000,684025.3159833867
275600,278320.96028976585
875000,865068.077455095
155000,260726.96389649188
70500,146725.74891034013
140000,117355.21062342217
254000,170818.40676475145
149000,176963.6745559959
150000,168846.13867615804
160000,253626.7338739127
565000,370499.12959003536
1024000,931365.2717456851
183000,243098.97932578006
370000,459806.7188882084
245000,279106.5781110926
156000,138993.3781813384
265000,120312.55451734333
199500,239169.30165510264
245000,351928.4311315551
273000,414224.7225531399
214000,127979.21710940318
229000,295450.6925105099
374000,246359.87567626638
690000,372923.6089542201
199000,220131.341529444
450000,348018.80078664795
129900,180386.91878695783
203000,303897.1706560892
308000,322774.0609052593
415000,432552.4361242789
99200,124121.06289067838
320001,264332.52585475397
357500,311233.6612726479
315000,317139.08362396754
79500,123118.46628773263
198000,307088.880547097
210000,188447.58895708842
650000,511664.6664002458
1325000,561844.2161889251
73000,118402.41078670205
256000,248407.76749322272
287000,404235.37509186676
257500,191478.4260558676
650000,659209.6632778362
399000,361848.18813648575
322100,308803.3098783042
341000,315007.8114785183
254310,232777.95852167442
192000,243942.3681506875
382000,252343.91170350806
222600,318650.3378239675
238000,254763.63716471082
505620,316204.0012113443
585000,548263.620519623
296800,311691.2638690988
93075,136872.28369993877
1214000,953959.2678000513
56000,114222.9483309065
199900,272481.3878256323
675000,454654.2339098465
112000,128935.06218305785
309000,362836.9098710385
312000,207770.34551318057
190800,135070.18758543182
267267,234540.82959835493
320000,452966.96196406503
454500,381006.2932443861
1490000,1230668.1067096381
178500,260558.75159863505
595000,464310.9207318822
967000,1352688.0078371859
267500,262979.85207273596
515000,506472.4658959424
349000,311414.775334373
330000,419311.8241212618
149500,105119.23663241991
265000,186628.38037150537
260000,221459.84749796268
75000,187514.9541001926
177500,159664.72420947545
78840,87916.36430220923
264300,265906.8302339974
277500,234256.80086250504
390000,202370.86936063797
370000,520681.66976975324
117400,128948.75597205879
735000,997296.9988280004
1590000,943008.1841814067
328000,541327.6207321738
1029000,1154944.0674873919
258750,285631.64490796917
780000,784640.5225604811
495000,756684.5086395922
439000,483279.6472136401
398000,281552.3624151955
285000,317866.19111827435
1400000,1297567.052642715
369000,380897.175782825
143000,566495.5368207854
150000,231585.9484504184
86400,129486.49584922967
136500,164385.24596505225
1170000,1105981.351459808
165000,241819.6582054345
115000,120509.90112394147
1160000,397416.4160887697
265000,255618.76916651265
233200,140238.7230524615
1680000,862725.8709259942
350000,609590.2854427984
1050000,803667.6408638186
1040000,887587.100251788
337000,417133.18378754234
679800,312223.78747380915
330200,426982.7038757374
326000,286331.8704838729
242718,217883.4506970064
169000,129554.47647212501
303160,175429.9109981539
520000,537753.0637063761
480000,425627.8390590923
170212,215774.65477212422
109000,126747.39510939886
138000,123256.02045365318
169000,222461.843754744
299000,187419.09765226507
299000,239773.4138265344
55000,133008.6746686836
148000,98211.8954110751
212000,286359.36217419064
850000,797577.2928638018
875000,485313.1814944979
196300,209313.69440038968
250000,196357.596897205
162000,250402.21499893762
402000,351249.69185634877
143100,136741.31966961976
799000,586950.5014101524
145000,245941.68931590815
105000,158709.61246459655
252000,116785.21943443002
385000,355868.4646358911
416000,204676.38700427953
351450,353439.45215215615
495000,601953.4971315954
178295,150293.3494248497
1630000,433391.4740426589
234000,333451.91880284325
276000,250126.42924155266
123000,207808.64332179315
442000,564018.1316752519
375000,131714.07481011964
226500,231707.61884887595
865000,704282.8376690816
164000,212336.0455093722
109000,214888.2487762758
165850,155766.82182512264
590000,338355.41493300325
790000,422204.46673895937
399000,398632.34168561455
218000,289705.6799834486
77000,110042.15434834639
65000,186609.79946937252
915000,1092103.203100849
250000,221735.84759045666
218000,300528.04733793385
750000,713829.3330070553
270000,338995.29835621
259000,271860.94148079975
500000,374854.42230604193
210000,291997.59149557765
235000,205163.86645633972
345000,273293.9614481877
96000,111950.12791273363
515000,581428.1428993654
335000,196799.2155652481
243000,242214.44629359388
340000,1097806.1417169273
149800,127251.1004663393
248980,290510.5296856283
388000,274797.6852489248
199000,226720.4027348555
770000,385584.86301531055
780000,892393.7665430647
236000,166882.37839919748
278000,327826.26060397207
235000,196678.83657477133
321000,269134.0394243515
445000,381354.4872188113
267500,152804.016723271
333000,388124.86439136055
320320,294714.27156539296
94000,122214.74552004084
240000,326799.97415531025
1270000,1399209.522185895
296000,320047.93544287386
368000,407561.4499872653
97710,204989.0860045846
249900,151517.08621538387
309900,285189.6313894394
85000,155922.47140757856
318000,264428.81656114646
291000,299000.98241345
498000,369926.56221331784
255000,169098.4845630195
74990,164604.33773008586
567010,492095.54890086857
252000,256928.67434462506
210000,196533.3443153807
342875,185725.80121510598
189000,245942.35092065993
398000,385403.1454187475
449000,425859.4065380316
493000,456382.1189169072
699000,495299.054140303
472500,342772.2827850021
139500,182252.98870973292
630000,369452.455794906
215000,268173.3703958197
150000,148021.60542926672
255000,261632.81502366063
359000,372150.9447459238
289800,331120.628171735
425000,404825.54301295924
580000,485154.9567600801
103000,77335.0564680764
435000,287041.0335049365
190000,208104.79549196622
1149000,358705.20861801505
334500,231787.16156513523
219000,237843.34185606183
193300,227647.30115509988
169000,175940.72705643764
138000,182975.83695325136
218400,355125.17969784664
1149000,574644.3513620982
360000,206136.02324311924
330000,366927.5798735361
320000,349845.79521866445
139000,246678.11764194324
519000,440498.3973349444
493000,465856.9648044705
200000,177649.3827008948
229500,255366.31674093398
222600,224237.20781652106
179500,151171.94284719366
985000,962795.1557233543
290125,233343.9200734899
264000,715518.041358571
228975,186770.93252057646
88590,94306.43283613701
310500,152357.770830868
234000,277680.9426438109
90500,163444.86297848134
1150000,514456.925785473
362000,286003.6841910256
271000,215199.10803262566
320000,250346.99522414713
1650000,1640963.6251252787
434000,462464.48180749686
945000,470690.77560281433
220900,225406.8815626577
490000,473314.2662078357
315000,418344.32899202564
520000,296293.3336642927
200000,90574.14182397962
500000,347952.867209223
277900,324933.48991436634
185000,229527.41035395392
265000,225162.6713941008
218000,164829.3896668297
415000,363937.0536435108
434000,366793.6567487682
226600,284295.34597113344
70000,83168.01316496496
163000,132303.22769888188
647900,245094.15532460774
214000,230059.1327595998
86000,79305.23522017014
174000,338543.95876552473
120000,211403.56329472616
299000,264290.2382974403
195000,207389.23706297544
268000,250990.70723574146
108500,99699.78587825941
865000,592748.0614362794
983250,751454.5675655945
409000,423259.5630189869
450000,451786.35770914005
170000,264215.4948976706
156900,239823.4780236541
432550,282769.0211449557
238740,286021.2382049756
249100,234284.75448223742
256800,151858.95747447058
460000,392860.68282877223
175000,201949.45058874466
436425,253975.25069965373
103000,85320.12373307352
95000,184380.9050819983
330000,395513.1657759151
236513,111039.64972284365
850000,886176.1583387031
383000,314491.4566900895
193000,151247.7747996953
644000,392595.67026408704
460000,302257.9742403993
212000,212993.41320537718
583000,318665.1511242038
325500,428057.37963880575
314000,186197.41990576402
84210,257909.11582795903
435000,466196.8982657774
534500,356331.14489143796
1175000,626123.8289272549
140000,229441.89606610086
127000,139066.89380619625
749000,933532.2829882301
163500,196044.82059467118
493500,321958.8247804211
179000,160876.66831998224
575785,369363.74851595674
590000,429805.56036943075
350000,238732.22789822382
290000,357935.7421541025
249000,347405.73632203246
650000,569682.5313948705
244000,181979.71054709743
291000,407763.6429646636
458000,270979.14143438725
89000,141233.81723909584
217050,224607.2598534468
471000,283717.1584906207
203000,303099.275957644
76500,192793.55736349517
999000,654517.7861911268
1030000,1093835.6064451586
595000,563614.6635764552
330000,338230.1557667524
783750,236753.77942235084
315000,272390.3883153765
173000,142972.35019413778
128500,96065.66999189185
997500,680368.3238551344
280800,280143.5264910771
96000,354715.2669702884
270000,329139.82817190775
336000,438448.13179727667
549000,768910.7450212189
174000,203324.90328528147
150071,146227.08206395997
435000,544657.6554018724
713750,475957.37792516605
320000,516533.8052124728
224720,283705.14482928824
228500,212617.40675624146
162900,182209.55944315757
295600,377113.9664580434
312000,278186.2495274584
682500,604334.6842063749
359000,430008.4576634828
296800,363189.60014281975
398000,192402.74647077202
389000,255467.07882461188
145000,136865.4918911808
269500,329346.41617300065
796950,543039.8347015182
180000,196452.67390464773
452400,244238.1162223476
299000,203139.56178300775
348000,223221.4200080803
240000,305728.8976373139
324000,302342.1858010007
312000,445629.85416453186
149000,164891.24334817918
147000,260082.15435422544
137000,126287.91395231281
211000,215907.28512141475
250000,367747.4260443323
745000,452451.78479322104
272900,241410.76470145737
170000,299524.5943950108
187000,181778.66497705597
346700,280303.5740941167
250000,259856.80146054024
370000,316285.9983097822
45000,193557.49896446528
180000,260854.24223866977
205000,601104.396902904
409000,365000.782584635
845360,600782.2183772951
409500,239733.52191781142
96000,135314.46008843265
191900,224907.77511273662
82700,90685.82470477284
194000,206101.87005372634
157500,183760.22143942124
449000,420008.2893706356
230000,153154.1942957731
732000,318197.8776968719
379000,424327.8497528245
140500,230679.09030059486
459000,480752.46092787164
142000,207956.47973042217
137150,211113.65131079283
661500,408297.8943584277
296500,284363.87534018996
39900,113899.42178855982
430000,260128.35466089254
258000,295217.9946216827
213200,324063.2396933639
585000,382920.0415253832
325000,663803.3098876606
193325,141657.1794650982
305000,245506.31766304417
79560,115510.86417547781
87200,104519.4048240505
177650,278556.3739853303
299000,227290.58982851243
220000,342602.2134563306
179900,224475.01313819474
228000,301477.61595671705
371000,285157.5213526237
139517,115903.89327696794
160000,282884.9406458267
385000,775193.1673185324
238500,305935.4706164485
440000,509699.43497524015
386400,341349.922403238
79000,80891.59327212379
286000,197494.38308693867
422000,395300.1298276466
243000,249134.216901819
128000,187122.6232211138
525000,606902.8791053956
190000,179614.21065071554
89900,131499.8682348891
295000,338798.9603483032
159500,572690.3081271875
252000,151386.99140325395
255000,226746.42361457107
930000,320151.5684450039
174000,234803.10498826727
117000,207179.2681214427
1230000,1356642.188602781
169600,205078.1807079071
117000,125351.15507983779
330000,353476.4242832237
400000,172622.08758789775
103550,72748.00942780705
300000,403813.1910879074
230000,150873.6876044597
555000,352997.71783965797
98550,134449.25530673075
179000,280572.21339710883
539000,319068.99079735944
842400,357989.52072360826
259000,152954.5872220438
147000,124670.94450476169
1270000,1002660.7153423931
108695,166227.62884561846
740000,439157.09198022867
177800,206586.3181030325
166384,269874.55094408727
855750,590745.6356830682
344000,253764.3593696019
199990,175063.76525143962
394000,253270.06578536378
153000,176310.2113476849
475900,378535.97697752743
217000,212643.51577626946
188000,115195.27542437128
128000,126276.61424777853
990000,782758.9255627342
291172,255926.2525053609
178000,170241.2068418697
145000,213262.6511077889
355000,473495.607436965
185000,191102.78207845756
293000,362982.96993887227
145000,130949.19938113866
142000,187641.43934789157
368000,249936.57927439516
550000,1039258.6368156039
319000,301493.84888755647
1250000,1171328.7691959336
472000,350503.7139090479
410000,671578.5637351458
129900,159791.81619976094
415000,466172.4909181991
780000,696486.9814882277
214800,174582.92694491462
779000,1014008.0214030067
90000,130519.99996373116
890000,596577.332135792
1190000,789019.4317085104
239900,322766.13191630744
120000,269357.51885735575
440000,349780.9088448546
190000,125824.44911043376
182000,167759.4337383223
800000,577880.6717827347
1150000,919290.5959005316
87500,162282.89072152812
210000,372684.346958124
261890,237121.01769424608
139750,188168.47340357685
125000,264094.75746595714
160000,155456.91661676034
715000,861431.4203609372
369250,189456.80109896953
565000,461846.847844909
364000,461846.3376033393
184000,177016.07976204663
519000,708035.2388258717
550000,551738.9115537128
309000,308677.71106714866
114000,127572.30408934929
579000,530132.1097046998
599500,576690.2857369013
527850,473468.1806619719
169000,252978.40314062903
293000,367069.2951977834
344500,251179.6815510078
1130000,905748.9752450477
330000,297809.9812641276
457000,323306.21324781317
197600,346282.9828558623
95000,119220.63086700629
213600,409078.07094709313
163000,248518.56207098288
180000,168654.28415698063
439000,372553.5439410565
546000,277281.80964685977
1100000,996922.6191278615
229950,145937.46165273347
453000,316600.4315330837
581000,237089.5608457796
330000,450494.3907121246
287000,392272.31235895975
445000,532065.6748290239
212500,173060.6106048853
1150000,627186.7346427285
82875,96767.65246808254
80250,147977.18323967874
143000,156825.0620010273
367000,173273.91770300598
599000,533286.2931954655
127000,264683.9516623688
318000,165345.00048493914
645000,193247.17513139997
689000,944781.8712350004
84990,109228.64398632642
1650000,1333864.0162003273
265000,313998.29743607837
90000,126378.48091016788
913000,1014621.6467263291
840000,204230.79541233543
334000,510737.78413121344
280000,251749.32132106173
399000,492397.3051949641
342000,476920.9444816787
1250000,742240.8186916631
1620000,1288477.8335574882
525000,480428.4043823775
950000,714189.4034957081
347800,339617.21508386644
199000,151016.24505745168
438000,467558.9748855376
206140,217923.55423189668
279900,543060.6857796583
76000,48386.64895056362
488000,395624.97450626193
313000,217365.6262636775
315000,206527.99088614882
778000,568569.2349967235
205000,154488.97698213442
1210000,317626.45476123533
159850,156239.37054734837
384800,397888.91603901365
578000,258433.62725499793
64000,217361.68145022
243300,353271.3000615279
264000,174743.84536640788
87000,200997.83479535813
995000,963797.5037941688
282000,383364.1656443541
158000,160258.9350791818
565000,619281.2019587688
1295000,1314986.0783296297
174000,128082.68082838412
870000,479598.2263624007
499000,225533.5986139252
392000,297796.11595906917
319000,195890.60968249833
720000,606665.9137615672
295000,390958.11934260844
302000,127963.02505365136
378000,460303.6133287237
288000,267711.80358977866
178000,215535.28403349424
90000,147404.32631078394
213000,296653.7936373796
679000,510926.877300752
248000,344088.76362890267
119789,132782.6780237885
97800,311442.0055371825
225000,219563.4292412455
353000,323874.2471487468
131760,129117.88888367474
345000,534952.8767779929
190000,211258.59415661305
207000,320808.58649396175
182000,188473.11438842307
759000,965765.7090744869
220000,232554.79043154937
177900,297626.0142308114
361000,418382.21490996255
262500,276352.71293756913
355300,501774.80680406216
345500,343410.8297410498
202350,259884.35973669612
489000,545033.1132150908
350000,225940.9643209959
241500,515820.6263914666
978000,600575.9481404976
1320000,657061.5002677403
220000,215523.9750054777
1066000,456863.6068324992
316500,272733.2903899673
189000,224409.7159146422
659000,769698.1832108444
106000,240284.2766804494
385000,640518.5239277489
650000,526323.6683755633
369250,257231.6903098378
472500,417102.1816276729
416000,218696.03664090752
798000,456378.29680076666
81750,236629.36808449792
125000,174373.74849105105
895000,516681.27641148266
573000,414559.5066462471
100000,179934.05277176984
235000,253516.8974981319
170400,147304.73938179968
390000,289731.7201734395
149000,213428.21000897628
396000,380443.39991510496
320000,291790.32602564275
129000,210199.53417777072
1165000,392630.7161585475
1690000,1085850.0076915973
184625,197417.77685771912
270000,342810.552781019
235000,179358.54104990241
899000,577906.7929851115
118500,147970.1215853324
226000,231161.87716764264
240000,265588.2895317643
280000,315112.32850036456
372750,232630.81959101255
135000,115411.71070222365
206000,374620.1484084407
219000,241009.57069343553
236900,220116.98089981294
194000,361483.18019769114
153000,172467.82569727956
370000,523721.9561803729
399000,278596.3103764964
225000,417405.3450774973
378000,252610.0795418954
364000,579974.4859653992
1133000,521210.2588551218
89500,108198.98175222956
730000,691457.7674581506
350000,414206.5390933233
529000,350146.52409348765
793600,768072.5473557657
385000,445477.21655808226
998000,933032.604349522
137000,96776.18814744249
750000,411344.6590203616
352000,318147.5983671188
744000,380802.2987015373
465000,399352.5658853661
263750,278497.594991784
305000,363879.6349819938
270400,236440.8845824472
130000,176972.07439909165
81000,170031.1503504964
315000,227278.16254374495
325000,422821.3871334999
92000,216931.83801837373
740000,472561.6507532547
49500,71939.70955146225
665000,591638.9128251732
150000,155256.2448100672
289000,189687.65045646497
265000,269647.44497564586
281000,286119.01358451153
439000,301435.9053873508
498000,375336.83067951835
129600,215613.1934381795
167000,186067.7210396258
176550,236672.5082323226
164500,180438.4080962607
1198000,877706.9436826988
390000,237969.01988186635
216000,182625.14768893036
174000,237037.4668265095
400000,396491.0951470844
285000,253028.79347551084
312000,322388.7301971047
141000,241846.2159802919
315000,317244.0248514927
98000,126391.16569376456
143000,204159.11565187282
348000,353121.6950782904
187182,203207.38664148233
484000,347379.71076380514
133000,198285.9164096687
235000,256788.96293408645
574000,526920.4515101287
46000,102347.25245449673
123000,194555.55939673478
307000,300384.48584217124
179500,204337.2852766788
265500,224504.04175905927
368421,407635.07738648966
598000,349455.40322599345
479000,407265.28160256345
286000,642513.1689465799
205500,309974.59906200814
915000,1214535.0094192908
286200,450521.38753263664
305000,164271.70817739956
295000,303104.41813309764
403370,258090.04209633678
265000,615860.8961616153
249000,186173.29385882788
330000,544163.6803585497
389000,233536.3027262781
172780,203361.31672194766
184000,298874.6662283812
273000,415088.70114783983
221000,247569.15220421163
359800,343878.1495430014
880000,729652.2849387164
148000,191656.61047162104
400000,471158.7868132195
115000,239436.5536572392
315000,228521.7801979758
307500,548787.1540169119
65000,107183.32101132305
224000,272002.4100779514
221000,201435.08894058852
355000,249762.01167056736
1155000,923181.2291354822
385000,293710.55331564153
368371,599422.4919145445
350000,427092.0576054912
150000,199641.9603209838
624000,743118.6004395189
430000,716220.7441865768
158000,306172.95019642997
277000,389439.82517206145
451000,444869.1099462784
1095000,530623.560354307
151940,123124.32588626424
175000,199063.07264032803
388000,270671.04812310287
295000,242641.55193268342
171200,249124.52031555102
365000,396944.8936380236
160500,464935.97184111754
225000,287726.64132085495
235000,245962.68470307067
199000,202894.96259719474
369000,438131.28003937966
219000,270487.0119071002
187000,127402.46190576392
243500,358202.1609199095
257000,215118.900307986
235000,270934.7275000557
315000,255478.2985393259
315000,403739.4402923758
430000,347850.1023121188
495000,454428.4429399049
149000,207351.69769477946
269000,350828.49818610796
335000,355282.679160203
374000,337741.44630371995
210000,193561.6484645694
141000,144234.1647084639
465000,532173.3797264671
184000,162402.07689472215
73750,147158.0516323262
315000,396983.33751029026
740000,440227.2000497811
741000,541445.9564265918
172800,136148.00643993999
340000,352475.3603991795
110000,131020.05169419428
224600,150544.25974516541
450000,199114.89304282767
719000,718696.678187422
507000,486926.5663020188
109900,263218.21006849763
620000,735702.8409490555
81000,106538.70456373047
230000,328191.11489037814
131250,128854.58670423793
499000,406433.2384426464
273000,241153.23279652547
220500,110391.18372938767
229000,249766.43180370674
630000,280093.215906402
216000,311684.6770379303
520000,402268.50611043454
367500,289412.426412867
155000,331241.7406672424
221500,221741.50971573245
137000,96736.15018589424
479000,692419.2233406302
293000,371665.89437370107
78000,116012.87872612309
211000,227365.62347166167
267000,245410.48429945466
150800,153442.20353499916
185000,182367.6883615885
137000,174781.915975817
129000,164276.94296223
493000,653279.7688678211
285000,150913.05427672408
520000,328483.26111912774
261000,245646.23286026518
193000,288932.37704150495
263750,379974.19213147357
79000,131893.69370008187
954000,847990.026780889
445000,309451.6012444103
361215,339583.39028709265
189740,172018.13497717926
71500,75032.8956397482
559000,557064.1042140813
1130000,1008159.0490195536
189000,226464.62395829707
217000,221172.99855297414
518800,263902.03438645875
427000,236429.61224144595
250000,288217.512260064
280000,303514.0903242071
305000,272343.16091685614
311500,278957.86100444535
349000,568533.6264539432
415000,404763.5391742844
780000,722046.8901697786
160700,121766.32637140402
379000,393496.3223902508
379800,308550.01161344076
52500,67849.06489477072
92000,83851.50257530149
360000,273401.149447794
940000,643055.2157246901
225000,175755.66415358317
579000,192763.46109700634
513000,258140.52398760308
197000,314663.4280917321
314000,300500.88919262646
185000,454441.00169548567
145000,167651.3183578207
169000,188533.5662129199
160500,284635.3517946569
278000,277349.7571714196
161437,245408.7752039479
380000,195988.06787938072
335000,293494.46138852276
900000,426060.64205536986
233000,300909.8847838857
144000,133162.06670764327
39000,123175.48438175893
922000,305885.1927162897
220000,185180.07881213812
950000,850489.6778124878
367000,138379.82271411267
115590,110367.53005422598
509500,565269.4177176894
505000,243907.8649367921
210000,214271.10042707826
339000,190482.9111226512
710000,554046.3707899709
208000,189004.73314167018
189000,141799.27249331487
245000,343149.12311725976
379000,382546.2449201916
260000,213480.45681982208
280000,266017.82256615104
258900,199240.49558583
73000,151206.11210878813
65000,190948.99047528018
1190000,444109.3911062564
193000,204552.95694903046
720000,739680.6626860802
462000,263983.3112396031
399500,650031.2728136792
645000,562222.3739376501
159000,159358.67227674014
169000,187972.82376841243
840000,957835.2898067071
205000,140448.7404847029
199000,342609.1625794604
75000,80546.10778934421
446250,340588.92211504304
495000,210827.3952078428
136000,103322.77176298706
245000,296600.53470664035
250000,507026.5669403585
568000,299004.97289718303
1590000,745177.7830644427
469125,256346.16464136937
186625,129367.28822690001
950000,426259.369880146
420000,178710.60249177294
362000,525001.549014036
296000,380434.18821846123
189900,152475.2779268701
210000,193493.60157269854
494000,251316.2496566462
242900,306572.8248788809
189000,221757.97895721302
117000,156497.88033487863
323000,286206.8187636992
209200,228437.22520188947
229000,215805.38334194943
244000,172028.41348374877
224000,216839.84113763607
138000,186783.27938898193
157500,205740.70294384717
590000,364759.2324198051
189000,256300.15023552213
970000,588481.9749143985
336500,277324.7745560124
169000,196845.86814888177
123700,123769.28287837948
279000,381779.1311352075
499000,431383.67601741035
375000,474145.59736966254
416000,417215.8066763839
344500,375245.1611734494
169000,149627.65015634862
278000,398046.10761063965
322500,286506.23925667733
133000,143160.37045357274
367500,468399.2383892253
80000,92426.0506806161
386000,378545.24703782646
194000,167039.92726420143
150000,252480.0778995178
198000,388489.17791048315
149900,192090.06905308893
330000,272972.555822466
780000,556952.6573840422
160500,147944.16567378028
196100,205419.76759806433
630000,328099.5933227111
121000,161926.1531452218
699000,551427.0145536131
716000,724852.1881260994
290000,246716.23358984507
160000,189286.36574312858
668600,733976.7670139048
509900,536858.1226638388
136000,126316.54671825464
1065000,573236.0910368701
230000,281302.4403649937
215000,188794.4725947331
217000,512611.5932312609
210000,323036.82143786724
149000,167771.97535397916
715000,740022.9890171277
698000,762785.2252010878
354900,368340.5001307695
785000,392131.75701409666
273400,214712.97953799332
210000,127267.08869474825
1390000,993804.5646321123
265000,258482.2185622806
171000,141712.61149078008
109000,207914.9872805383
990000,798245.4490043187
439000,318758.9692447239
449000,303121.12868547125
290000,186335.76623926175
995000,617480.3248635672
169000,233334.46896834506
349000,476992.94713449886
103000,132120.8315762068
440000,336136.45334681805
389000,602949.157323066
299900,292718.17616675294
369000,345337.73386895284
682500,264037.32527669106
765000,1099454.6275010724
269000,214668.34857016537
186900,137793.8749331646
316900,408660.60650595266
346500,239720.42536642303
156500,107668.58514691224
399000,388213.598113711
410000,272316.2048267483
279000,284268.64189029764
178500,241986.72036846692
280000,257000.46462777205
261250,183918.5295184294
365000,292052.332311315
82000,147327.65389963408
130000,235311.40804199112
634000,390972.4115168322
99800,121782.10939986471
585000,258719.18422639888
284900,250971.74736297256
300000,174303.52223921864
148400,226435.18656483619
453000,549447.0745512631
97000,160564.9971622186
228000,104903.76375612334
233000,319191.60046656145
720000,406051.3440816531
925000,1031091.3115102302
1080000,909856.9044207869
299000,202106.08177447427
260000,333993.5646027887
312000,196160.44874920344
66000,341424.6065849557
414000,376111.98474937957
129000,149397.9768844375
235000,253330.69967691923
219500,305070.05563977076
460000,481389.9435965672
682000,489712.1734702821
157500,232659.6076482647
249100,289179.78174139565
47850,80598.58684689563
369250,245578.72274642807
197000,291131.4484192201
211000,207192.90223534597
193500,255724.72023768924
398000,595079.0916758428
163500,97496.81835280298
399000,363665.5154129082
181000,220026.39803505366
358000,353049.4329736506
336000,225543.7909986896
1420000,1192167.7213514291
667000,699386.8748873378
565000,468739.56969020586
269000,224647.5438005864
206700,201395.73870748896
997500,392100.9418879824
352000,331167.6989484079
465000,401398.1495717994
135000,148236.41255400388
265000,201156.32452867425
150000,123436.29839502944
165000,214359.1049133172
319000,237629.7321898611
96000,211336.35977280847
258500,377066.15109053755
172500,125205.2773292891
890000,408561.20969497
269000,283299.05177806877
232000,479557.43113444693
860000,644296.4191297037
108000,142262.5854887499
144500,313596.0881402369
47000,108650.45393832719
399000,182797.48361143214
174900,223584.09930216073
602000,496960.8998176741
269000,371803.12932036445
399000,333524.51909855567
645000,794581.9425232353
45000,169021.44617539283
466000,463178.5076153171
354000,610207.3104149827
490000,538873.1693118496
198960,307135.1975528005
274000,241530.04108407427
1095000,1013550.5743046023
197000,373959.2612475398
1639000,655699.8287543246
345800,222344.0366720315
387000,465911.1763980121
490000,303453.4239460861
81500,91239.30639036692
71000,118019.3931201364
289000,480322.53935200314
163000,181844.2175964831
119000,136089.5472296868
104900,185274.55909710657
441000,430867.0334351366
460000,342722.99494397437
345000,217116.87668954907
